{
    "grok": {
        "as_civilian": {
            "count": 573,
            "avg_reading_ease": 37.15856893542758,
            "avg_grade_level": 14.359860383944158
        },
        "as_mafia": {
            "count": 307,
            "avg_reading_ease": 41.52788273615634,
            "avg_grade_level": 13.60195439739414
        }
    },
    "gemini": {
        "as_civilian": {
            "count": 536,
            "avg_reading_ease": 49.76197761194027,
            "avg_grade_level": 10.821082089552247
        },
        "as_mafia": {
            "count": 294,
            "avg_reading_ease": 52.095918367346925,
            "avg_grade_level": 10.407482993197283
        }
    },
    "openai": {
        "as_civilian": {
            "count": 558,
            "avg_reading_ease": 59.14419354838709,
            "avg_grade_level": 8.782258064516132
        },
        "as_mafia": {
            "count": 311,
            "avg_reading_ease": 59.45421221864952,
            "avg_grade_level": 8.719935691318323
        }
    },
    "deepseek": {
        "as_civilian": {
            "count": 271,
            "avg_reading_ease": 25.873136531365304,
            "avg_grade_level": 12.849446494464937
        },
        "as_mafia": {
            "count": 148,
            "avg_reading_ease": 31.896959459459453,
            "avg_grade_level": 11.795270270270267
        }
    },
    "claude": {
        "as_civilian": {
            "count": 309,
            "avg_reading_ease": 24.073074433656952,
            "avg_grade_level": 16.440453074433638
        },
        "as_mafia": {
            "count": 160,
            "avg_reading_ease": 23.900499999999987,
            "avg_grade_level": 16.107499999999998
        }
    }
}